{"111":{"id":"12221","name":"\u041a\u0443\u0440\u0442\u043a\u0430 \u0441\u0438\u043d\u044f\u044f","cost":"6100","description":"","img":"img\/catalog\/1.jpg","sex":"1"},"12":{"id":"12","name":"\u041a\u0443\u0440\u0442\u043a\u0430 \u0441 \u043a\u0430\u043f\u044e\u0448\u043e\u043d\u043e\u043c","cost":"6300","description":"","img":"img\/catalog\/2.jpg","sex":"1"},"13":{"id":"13","name":"\u041a\u0443\u0440\u0442\u043a\u0430 \u0441 \u043a\u0430\u0440\u043c\u0430\u043d\u0430\u043c\u0438","cost":"3100","description":"","img":"img\/catalog\/3.png","sex":"1"},"14":{"id":"14","name":"\u0421\u0442\u0438\u043b\u044c\u043d\u0430\u044f \u043a\u043e\u0436\u0430\u043d\u043d\u0430\u044f \u043a\u0443\u0440\u0442\u043a\u0430","cost":"12000","description":"","img":"img\/catalog\/6.jpg","sex":"1"},"15":{"id":"15","name":"\u041a\u043e\u0436\u0430\u043d\u043d\u0430\u044f \u043a\u0443\u0440\u0442\u043a\u0430","cost":"8800","description":"","img":"img\/catalog\/4.jpg","sex":"1"},"16":{"id":"16","name":"\u041a\u0443\u0440\u0442\u043a\u0430 casual","cost":"7100","description":"","img":"img\/catalog\/5.jpg","sex":"1"},"21":{"id":"21","name":"\u0414\u0436\u0438\u043d\u0441\u044b \u0441\u0438\u043d\u0438\u0435","cost":"4800","description":"","img":"img\/catalog\/11.jpg","sex":"1"},"22":{"id":"22","name":"\u0414\u0436\u0438\u043d\u0441\u044b \u0433\u043e\u043b\u0443\u0431\u044b\u0435","cost":"4200","description":"","img":"img\/catalog\/12.jpg","sex":"1"},"31":{"id":"31","name":"\u041a\u0435\u0434\u044b \u0441\u0435\u0440\u044b\u0435","cost":"2900","description":"","img":"img\/catalog\/7.jpg","sex":"1"},"32":{"id":"32","name":"\u041a\u0435\u0434\u044b \u0447\u0435\u0440\u043d\u044b\u0435","cost":"4500","description":"","img":"img\/catalog\/8.jpg","sex":"1"},"33":{"id":"33","name":"\u041a\u0435\u0434\u044b \u0441 \u043f\u043e\u043b\u043e\u0441\u043a\u043e\u0439","cost":"5900","description":"","img":"img\/catalog\/9.jpg","sex":"1"},"34":{"id":"34","name":"\u041a\u0435\u0434\u044b allseason","cost":"9200","description":"","img":"img\/catalog\/10.jpg","sex":"1"},"35":{"id":"35","name":"\u041f\u0430\u0440\u043a\u0430 \u0436\u0435\u043d\u0441\u043a\u0430\u044f","cost":"15800","description":"","img":"img\/catalog\/jw2.jpg","sex":"2"},"36":{"id":"36","name":"\u041a\u0443\u0440\u0442\u043a\u0430 \u0436\u0435\u043d\u0441\u043a\u0430\u044f \u0437\u0438\u043c\u043d\u044f\u044f","cost":"10500","description":"","img":"img\/catalog\/jw1.jpg","sex":"2"},"37":{"id":"37","name":"Adboaz \/ \u041a\u0440\u043e\u0441\u0441\u043e\u0432\u043a\u0438 \u0436\u0435\u043d\u0441\u043a\u0438\u0435","cost":"6400","description":"","img":"img\/catalog\/cw1.jpg","sex":"2"},"38":{"id":"38","name":"xxxxxx","cost":"0","description":"xxx","img":"xxx","sex":"0"}}